id,yes,no,abstention,no_vote
1,455,85,105,106
2,614,69,10,58
3,544,126,38,43
4,530,14,104,103
5,608,7,46,90
6,535,66,52,98
7,538,113,9,91
8,53,526,82,90
9,469,143,47,92
10,422,131,101,97
11,402,222,39,88
12,417,200,40,94
13,426,208,20,97
14,435,207,18,91
15,436,208,16,91
16,426,163,67,95
17,662,24,9,56
18,694,2,2,53
19,529,130,43,49
20,533,67,100,51
21,572,42,21,116
22,301,295,45,110
23,288,290,36,137
24,521,4,110,116
25,412,136,30,173
26,558,63,43,87
27,448,189,28,86
28,467,171,27,86
29,465,169,30,87
30,448,185,30,88
31,471,128,57,95
32,128,497,40,86
33,128,523,20,80
34,495,58,87,111
35,459,145,66,81
36,430,190,34,97
37,425,132,109,85
38,493,43,86,129
39,506,46,61,138
40,117,493,32,109
41,500,91,50,110
42,429,225,19,78
43,382,243,42,84
44,443,216,33,58
45,463,107,105,75
46,479,141,69,61
47,581,26,83,60
48,513,18,87,132
49,560,12,43,135
50,454,148,102,44
51,496,113,103,36
52,563,3,63,119
53,364,266,77,41
54,610,29,68,41
55,494,147,49,58
56,446,178,41,83
57,482,136,95,35
58,471,101,103,73
59,582,40,37,91
60,78,528,50,94
61,493,82,79,96
62,416,187,44,56
63,406,184,58,55
64,452,142,53,56
65,169,443,36,55
66,607,3,19,74
67,612,7,32,52
68,543,39,69,52
69,463,108,50,82
70,477,181,23,23
71,542,94,56,12
72,629,58,6,11
73,625,62,6,11
74,629,59,5,11
75,604,64,25,11
76,626,55,12,11
77,633,22,38,11
78,598,87,8,11
79,606,82,5,11
80,602,87,4,11
81,605,83,5,11
82,629,56,7,12
83,631,60,2,11
84,612,54,27,11
85,599,77,17,11
86,579,89,24,12
87,604,78,11,11
88,666,21,6,11
89,628,56,8,12
90,681,9,3,11
91,610,75,7,12
92,641,30,22,11
93,491,193,9,11
94,463,224,5,12
95,604,85,4,11
96,581,91,21,11
97,605,84,4,11
98,604,86,3,11
99,626,59,7,12
100,619,55,17,13
101,604,85,3,12
102,466,223,4,11
103,604,84,5,11
104,604,82,7,11
105,603,75,15,11
106,620,59,14,11
107,583,97,12,12
108,457,232,4,11
109,605,58,30,11
110,607,81,5,11
111,495,193,5,11
112,607,83,3,11
113,604,86,3,11
114,607,81,5,11
115,604,53,36,11
116,514,95,84,11
117,460,225,7,12
118,604,84,5,11
119,588,95,10,11
120,501,179,12,12
121,638,39,16,11
122,603,84,6,11
123,505,119,69,11
124,572,34,91,7
125,528,124,45,7
126,653,6,29,16
127,502,169,17,16
128,521,41,126,16
129,510,53,101,40
130,587,32,46,39
131,500,152,13,39
132,493,104,67,40
133,565,34,62,43
134,520,86,59,39
135,593,34,38,39
136,485,162,43,14
137,527,73,91,13
138,531,80,80,13
139,421,167,93,23
140,487,119,79,19
141,550,128,10,16
142,557,72,59,16
143,553,106,29,16
144,325,325,35,19
145,415,252,20,17
146,556,22,110,16
147,438,133,17,116
148,579,18,84,23
149,534,25,122,23
150,526,105,50,23
151,548,100,40,16
152,653,17,11,23
153,505,67,109,23
154,465,150,67,23
155,543,47,109,6
156,427,128,140,10
157,617,52,23,13
158,520,94,77,14
159,552,61,78,14
160,485,169,42,9
161,417,141,138,9
162,341,124,230,10
163,513,148,33,11
164,671,15,10,9
165,526,77,94,8
166,663,23,10,9
167,545,96,54,10
168,601,57,36,11
169,574,37,82,12
170,532,84,72,17
171,626,7,52,20
172,654,5,26,20
173,616,13,57,19
174,678,3,5,19
175,372,275,39,19
176,598,42,46,19
177,595,50,41,19
178,593,80,13,19
179,521,152,21,10
180,431,140,124,9
181,392,161,142,9
182,491,159,47,7
183,443,118,135,8
184,469,137,90,8
185,462,176,59,7
186,87,581,25,12
187,687,4,4,10
188,687,3,4,11
189,683,3,8,11
190,358,277,56,14
191,542,63,89,11
192,417,205,72,11
193,574,77,43,11
194,663,19,13,10
195,609,21,64,11
196,413,49,233,10
197,602,7,85,9
198,653,30,12,8
199,571,26,94,12
200,464,90,137,12
201,554,70,65,14
202,637,26,28,12
203,566,45,80,12
204,559,44,88,12
205,626,25,40,12
206,612,66,12,13
207,602,44,44,13
208,641,5,47,10
209,218,435,33,17
210,466,189,32,16
211,377,75,243,8
212,477,112,94,20
213,425,212,51,15
214,434,185,69,15
215,463,133,92,15
216,483,178,25,18
217,476,186,24,18
218,526,142,18,18
219,471,102,116,15
220,597,37,55,15
221,615,34,39,16
222,471,134,83,16
223,480,142,64,18
224,496,138,49,21
225,292,362,39,12
226,361,156,179,9
227,395,94,207,9
228,688,8,1,8
229,553,54,89,9
230,486,109,102,8
231,467,80,148,10
232,331,294,72,8
233,686,3,7,9
234,153,499,39,14
235,425,231,40,9
236,458,219,19,9
237,468,194,34,9
238,330,298,65,12
239,669,3,22,11
240,643,5,46,11
241,613,41,35,16
242,631,3,59,12
243,638,45,11,11
244,653,10,31,11
245,684,5,5,11
246,455,145,71,34
247,593,50,50,12
248,533,58,82,31
249,496,134,65,9
250,448,98,149,9
251,512,134,49,9
252,61,609,24,10
253,89,576,21,18
254,429,85,182,8
255,524,67,103,10
256,380,219,97,8
257,347,307,42,8
258,616,22,58,8
259,604,20,57,23
260,614,12,63,15
261,622,23,43,16
262,543,64,82,15
263,505,146,37,16
264,598,58,33,15
265,684,3,2,15
266,550,80,59,15
267,619,11,59,15
268,472,194,30,8
269,488,186,22,8
270,489,185,22,8
271,489,185,22,8
272,490,184,22,8
273,540,77,70,17
274,434,49,202,19
275,680,4,3,17
276,680,3,4,17
277,677,4,6,17
278,444,139,106,14
279,462,120,108,13
280,644,18,27,14
281,364,274,52,13
282,657,8,25,13
283,504,123,61,15
284,340,100,245,18
285,387,180,119,17
286,459,62,163,19
287,526,43,119,15
288,362,248,71,22
289,352,179,152,20
290,472,126,83,22
291,485,86,108,24
292,464,119,93,27
293,598,45,40,20
294,581,50,44,28
295,391,114,177,21
296,587,50,46,20
297,677,5,1,20
298,597,17,61,28
299,590,16,75,22
300,592,32,58,21
301,585,50,55,15
302,339,294,57,15
303,533,94,63,15
304,574,22,95,14
305,571,61,59,14
306,505,124,55,21
307,676,14,1,14
308,365,118,208,14
309,592,42,57,14
310,582,40,69,14
311,683,3,4,15
312,647,24,19,15
313,526,79,71,29
314,606,12,72,15
315,642,29,21,13
316,638,12,44,11
317,667,1,27,10
318,659,1,35,10
319,598,43,52,12
320,632,15,48,10
321,505,109,76,15
322,444,70,181,10
323,504,79,112,10
324,686,4,5,10
325,578,65,51,11
326,401,247,47,10
327,621,1,73,10
328,472,214,9,10
329,491,184,20,10
330,495,181,19,10
331,576,11,108,10
332,568,63,64,10
333,400,103,186,16
334,669,4,17,15
335,633,11,45,16
336,610,43,37,15
337,568,79,37,21
338,492,141,46,26
339,545,24,119,17
340,470,96,121,18
341,529,148,10,18
342,552,69,67,17
343,462,80,145,18
344,425,109,153,18
345,460,64,163,18
346,577,31,80,17
347,494,94,100,17
348,483,96,108,18
349,581,61,45,18
350,471,109,104,21
351,558,70,59,18
352,538,69,79,19
353,578,51,68,8
354,576,54,69,6
355,645,5,49,6
356,453,92,154,6
357,441,242,15,7
358,366,305,27,7
359,612,83,3,7
360,627,60,11,7
361,612,78,8,7
362,686,8,4,7
363,484,209,5,7
364,611,56,31,7
365,682,9,7,7
366,635,27,36,7
367,606,85,7,7
368,634,23,41,7
369,540,119,31,15
370,540,80,70,15
371,549,70,75,11
372,635,46,12,12
373,643,11,47,4
374,605,55,41,4
375,597,51,43,14
376,396,267,28,14
377,681,3,6,15
378,582,91,18,14
379,569,67,46,23
380,553,77,60,15
381,510,42,139,14
382,616,29,45,15
383,362,164,156,23
384,564,90,37,14
385,633,39,18,15
386,604,78,9,14
387,675,12,4,14
388,600,82,9,14
389,604,57,30,14
390,658,14,19,14
391,627,30,34,14
392,586,93,12,14
393,602,81,8,14
394,598,86,7,14
395,557,92,42,14
396,628,58,5,14
397,603,87,1,14
398,626,58,7,14
399,606,84,1,14
400,602,81,8,14
401,628,54,9,14
402,601,85,5,14
403,601,86,4,14
404,624,54,13,14
405,605,58,28,14
406,602,79,10,14
407,624,58,9,14
408,621,59,11,14
409,531,80,80,14
410,633,28,30,14
411,599,85,7,14
412,603,84,3,15
413,631,56,4,14
414,637,18,36,14
415,560,90,41,14
416,596,65,30,14
417,602,64,25,14
418,602,65,24,14
419,602,56,33,14
420,605,79,7,14
421,630,29,32,14
422,561,86,44,14
423,619,63,9,14
424,624,35,32,14
425,597,86,8,14
426,629,57,5,14
427,624,66,1,14
428,606,53,32,14
429,625,32,34,14
430,603,56,32,14
431,623,65,2,15
432,598,64,28,15
433,600,88,3,14
434,479,171,40,15
435,529,148,14,14
436,255,260,170,20
437,660,32,4,9
438,335,350,8,12
439,633,16,45,11
440,516,79,99,11
441,468,63,162,12
442,542,111,42,10
443,411,135,149,10
444,358,309,26,12
445,480,64,150,11
446,595,66,34,10
447,518,97,77,13
448,607,27,54,17
449,639,23,31,12
450,635,27,31,12
451,553,62,78,12
452,599,30,58,18
453,541,1,151,12
454,602,35,56,12
455,529,145,17,14
456,536,121,36,12
457,495,163,32,15
458,571,17,105,12
459,344,311,28,22
460,441,119,136,9
461,508,115,68,14
462,515,90,86,14
463,390,82,212,21
464,647,28,17,13
465,505,30,155,15
466,355,263,71,16
467,441,232,18,14
468,434,230,27,14
469,397,85,196,27
470,628,15,40,22
471,564,61,37,43
472,386,236,59,24
473,626,16,36,27
474,610,34,39,22
475,558,37,85,25
476,546,35,100,24
477,584,92,7,22
478,670,4,12,19
479,506,150,28,21
480,514,163,9,19
481,623,9,61,12
482,443,40,209,13
483,687,2,2,14
484,509,152,28,16
485,378,255,42,30
486,444,182,57,22
487,620,20,51,14
488,483,73,133,16
489,561,43,88,13
490,353,125,211,16
491,582,62,48,13
492,542,82,68,13
493,470,199,23,13
494,470,199,23,13
495,470,200,22,13
496,534,34,124,13
497,512,21,159,13
498,470,200,22,13
499,537,125,33,10
500,493,90,103,19
501,479,103,113,10
502,529,150,14,12
503,584,73,33,15
504,505,134,54,12
505,680,3,5,17
506,666,5,16,18
507,578,29,73,25
508,661,3,23,18
509,629,19,40,17
510,603,2,67,33
511,588,21,79,17
512,459,147,58,41
513,634,5,57,9
514,587,28,81,9
515,518,130,47,10
516,641,38,8,18
517,652,32,11,10
518,556,105,31,13
519,685,3,7,10
520,687,1,7,10
521,204,450,32,19
522,570,61,40,34
523,502,91,94,18
524,524,39,124,18
525,598,84,13,10
526,594,85,16,10
527,427,119,140,19
528,426,146,115,18
529,383,47,259,16
530,377,115,192,21
531,561,12,116,16
532,575,71,39,20
533,502,149,36,18
534,377,87,224,17
535,554,127,10,13
536,351,31,304,18
537,377,248,62,17
538,510,31,141,22
539,615,24,48,17
540,582,5,100,17
541,407,256,24,17
542,162,488,34,20
543,227,428,31,18
544,686,2,4,12
545,624,12,56,12
546,550,83,55,16
547,493,88,103,20
548,591,65,26,22
549,506,36,140,22
550,579,12,92,21
551,495,100,91,18
552,506,81,99,18
553,647,2,31,24
554,660,2,18,24
555,381,253,36,34
556,506,29,139,30
557,618,4,58,24
558,689,3,4,9
559,589,89,22,5
560,477,138,85,5
561,651,47,2,5
562,640,46,14,5
563,371,313,11,10
564,558,82,46,19
565,452,170,76,7
566,675,2,23,5
567,675,14,11,5
568,580,26,66,33
569,578,28,79,20
570,415,220,51,19
571,534,45,106,20
572,502,153,16,34
573,624,39,33,9
574,458,149,86,12
575,563,122,11,9
576,527,134,35,9
577,536,5,4,160
578,396,92,73,144
579,444,48,75,138
580,454,94,23,134
581,483,25,52,145
582,428,92,49,136
583,479,71,15,140
584,451,53,62,139
585,487,130,71,17
586,452,178,57,18
587,485,142,61,17
588,671,4,13,17
589,669,17,2,17
590,608,29,51,17
591,609,6,73,17
592,597,36,55,17
593,659,28,1,17
594,543,52,94,16
595,527,92,70,16
596,625,6,55,19
597,585,40,43,37
598,614,32,40,19
599,681,1,13,10
600,662,30,3,10
601,497,160,38,10
602,598,59,38,10
603,383,31,280,11
604,658,9,30,8
605,478,148,71,8
606,669,22,6,8
607,590,8,99,8
608,604,25,68,8
609,665,17,15,8
610,662,17,18,8
611,665,27,5,8
612,689,6,2,8
613,551,116,30,8
614,562,6,121,15
615,513,122,58,12
616,642,8,46,9
617,655,8,34,8
618,553,29,115,8
619,526,109,62,8
620,536,128,31,10
621,687,6,4,8
622,551,63,83,8
623,531,48,117,9
624,679,4,7,14
625,569,46,49,40
626,393,150,119,42
627,586,53,44,21
628,356,284,40,24
629,516,86,75,27
630,548,69,54,33
631,668,3,14,19
632,619,25,41,19
633,353,336,4,12
634,355,334,4,12
635,655,31,8,11
636,585,46,41,33
637,589,35,47,34
638,629,30,31,15
639,530,78,80,17
640,686,4,4,11
641,675,4,16,10
642,524,33,143,5
643,469,94,137,5
644,475,209,15,6
645,477,207,15,6
646,368,297,33,7
647,154,525,20,6
648,667,3,22,13
649,655,23,14,13
650,569,84,38,14
651,385,217,88,15
652,518,88,85,14
653,516,85,91,13
654,510,74,108,13
655,652,15,27,11
656,474,113,102,16
657,369,197,123,16
658,487,80,120,18
659,568,42,82,13
660,530,130,32,13
661,530,146,15,14
662,580,57,55,13
663,598,55,41,11
664,688,6,1,10
665,526,67,91,21
666,627,26,31,21
667,617,8,59,21
668,627,10,47,21
669,637,13,26,29
670,495,109,92,9
671,609,35,51,10
672,665,28,3,9
673,644,9,43,9
674,582,35,79,9
675,526,115,54,10
676,551,30,110,14
677,553,130,7,15
678,625,37,34,9
679,482,139,68,16
680,478,155,29,43
681,552,81,60,12
682,595,12,74,24
683,417,40,237,11
684,177,497,22,9
685,482,198,14,11
686,474,205,15,11
687,607,2,73,23
688,646,1,20,38
689,635,2,42,26
690,357,119,207,22
691,625,38,28,14
692,534,85,73,13
693,97,279,314,15
694,584,67,40,14
695,409,61,42,193
696,581,2,5,117
697,527,28,31,119
698,571,7,10,117
699,556,21,10,118
700,413,120,49,123
701,558,20,10,117
702,585,3,0,117
703,587,3,0,115
704,562,2,3,138
705,575,4,3,123
706,501,12,40,152
707,549,3,78,75
708,460,130,37,78
709,529,49,52,75
710,596,7,28,74
711,410,146,72,77
712,490,127,7,81
713,463,71,97,74
714,609,12,5,79
715,427,102,24,152
716,548,15,65,77
717,623,4,2,76
718,403,166,58,78
719,337,119,38,211
720,420,189,16,80
721,509,3,13,180
722,509,3,47,146
723,513,22,19,151
724,547,0,4,154
725,555,0,3,147
726,549,1,8,147
727,516,25,15,149
728,596,36,10,63
729,577,59,10,59
730,580,52,8,65
731,559,56,25,65
732,515,87,36,67
733,549,76,9,71
734,545,78,14,68
735,544,63,34,64
736,581,20,41,63
737,569,47,22,67
738,542,74,10,79
739,572,37,32,64
740,568,21,43,73
741,611,14,5,75
742,542,43,52,68
743,557,47,35,66
744,547,84,6,68
745,574,22,40,69
746,576,62,3,64
747,550,51,36,68
748,556,52,34,63
749,559,73,11,62
750,547,48,35,75
751,558,50,35,62
752,584,15,44,62
753,560,47,34,64
754,578,53,13,61
755,529,27,10,139
756,560,19,46,80
757,561,71,10,63
758,495,34,102,74
759,494,66,66,79
760,533,87,14,71
761,577,17,44,67
762,361,240,46,58
763,541,39,62,63
764,506,68,49,82
765,569,67,5,64
766,572,53,14,66
767,611,8,18,68
768,544,78,8,75
769,584,37,22,62
770,559,55,27,64
771,573,45,19,68
772,503,85,53,64
773,545,84,12,64
774,557,50,26,72
775,564,75,2,64
776,436,70,95,104
777,554,18,62,71
778,570,32,31,72
779,496,28,113,68
780,480,143,20,62
781,403,58,69,175
782,506,27,94,78
783,552,68,18,67
784,605,2,27,71
785,451,175,17,62
786,546,79,11,69
787,331,257,52,65
788,504,78,57,66
789,492,145,8,60
790,499,67,5,134
791,571,26,36,72
792,550,54,33,68
793,558,42,31,74
794,291,333,8,73
795,555,83,6,61
796,548,51,7,99
797,612,4,14,75
798,589,11,42,63
799,429,158,46,72
800,555,60,13,77
801,627,8,11,59
802,589,5,2,109
803,441,132,20,112
804,432,130,23,120
805,526,5,63,111
806,426,133,37,109
807,462,19,89,135
808,519,52,28,106
809,508,56,35,106
810,429,131,34,111
811,503,46,48,108
812,512,43,39,111
813,560,17,18,110
814,515,32,11,147
815,555,26,21,103
816,490,59,38,118
817,557,34,31,83
818,470,118,16,101
819,356,159,114,76
820,448,67,107,83
821,577,38,10,80
822,547,44,45,69
823,532,23,74,76
824,420,117,35,133
825,556,4,13,132
826,554,7,14,130
827,438,65,94,108
828,437,142,40,86
829,482,103,47,73
830,339,249,24,93
831,265,340,34,66
832,474,60,80,91
833,472,124,22,87
834,479,130,32,64
835,450,115,55,85
836,503,6,4,192
837,355,154,48,148
838,524,17,29,135
839,364,154,37,150
840,411,129,31,134
841,506,50,35,114
842,420,90,83,112
843,436,69,71,129
844,490,47,55,113
845,479,103,48,75
846,463,43,81,118
847,454,112,20,119
848,439,157,32,77
849,519,5,74,107
850,576,8,14,107
851,564,18,16,107
852,576,3,13,113
853,564,26,6,109
854,402,173,18,112
855,471,55,66,113
856,470,56,67,112
857,269,280,46,110
858,398,173,24,110
859,453,119,19,114
860,508,72,10,115
861,529,45,14,117
862,469,96,72,68
863,454,73,112,66
864,588,11,31,75
865,437,94,39,135
866,523,78,34,70
867,458,51,124,72
868,482,107,40,76
869,501,47,85,72
870,492,42,36,135
871,539,45,48,73
872,535,18,79,73
873,453,26,87,139
874,539,54,30,82
875,494,100,19,92
876,484,52,41,128
877,572,28,32,73
878,438,133,58,76
879,620,10,9,66
880,477,37,117,74
881,602,15,20,68
882,334,95,153,123
883,278,328,33,66
884,479,81,75,70
885,555,20,63,67
886,450,132,55,68
887,275,348,9,73
888,522,17,25,141
889,362,16,200,127
890,561,6,5,133
891,520,24,31,130
892,324,155,38,188
893,505,92,44,63
894,417,144,67,76
895,488,37,106,73
896,589,6,38,71
897,448,61,75,121
898,522,49,11,123
899,392,119,56,138
900,465,42,116,81
901,433,123,28,121
902,449,25,85,145
903,497,79,53,75
904,565,15,24,100
905,598,1,5,100
906,555,25,40,84
907,453,57,123,71
908,466,83,55,100
909,522,12,79,91
910,504,57,65,78
911,503,40,18,144
912,469,93,82,60
913,418,109,111,66
914,534,30,26,115
915,469,34,44,158
916,424,14,46,221
917,538,16,28,123
918,542,43,9,110
919,544,50,10,100
920,618,2,3,81
921,596,4,22,82
922,566,7,47,84
923,486,105,27,86
924,602,13,8,81
925,611,3,9,81
926,457,59,122,66
927,534,25,66,79
928,555,42,23,84
929,550,22,66,66
930,592,12,10,90
931,549,28,50,77
932,486,109,38,71
933,457,3,3,241
934,468,53,34,149
935,504,26,36,138
936,333,253,52,58
937,467,136,15,78
938,594,28,19,55
939,593,16,12,75
940,550,56,28,62
941,451,137,54,54
942,485,65,80,66
943,349,275,14,58
944,421,137,82,56
945,547,49,43,57
946,564,10,17,105
947,540,6,36,114
948,447,78,45,126
949,553,19,40,92
950,577,6,31,90
951,525,60,28,91
952,442,114,42,106
953,556,18,38,92
954,503,93,12,96
955,596,2,7,99
956,586,1,7,110
957,560,34,16,94
958,598,5,9,92
959,534,53,25,92
960,471,90,53,90
961,595,17,24,68
962,469,67,104,64
963,592,19,8,85
964,572,37,21,74
965,631,1,3,69
966,454,130,54,66
967,440,117,77,70
968,461,35,78,130
969,608,13,9,74
970,474,80,78,72
971,519,23,92,70
972,529,22,25,128
973,626,4,5,69
974,502,75,61,66
975,609,6,18,71
976,531,7,34,132
977,539,7,27,131
978,490,39,23,152
979,494,58,44,108
980,500,41,27,136
981,416,124,33,131
982,326,46,186,146
983,532,8,25,139
984,546,2,24,132
985,507,38,26,133
986,303,209,63,129
987,526,10,83,86
988,624,2,5,74
989,408,44,31,222
990,465,29,131,80
991,366,128,55,156
992,625,3,2,75
993,555,7,4,139
994,573,44,11,77
995,524,38,50,93
996,455,114,44,92
997,430,52,126,97
998,600,21,10,74
999,593,21,8,83
1000,407,34,181,83
1001,425,182,20,78
1002,507,12,17,169
1003,316,6,38,345
1004,541,2,3,159
1005,577,56,15,57
1006,637,2,6,60
1007,408,66,44,187
1008,594,5,43,63
1009,385,118,99,103
1010,610,26,9,60
1011,407,92,142,64
1012,475,47,26,157
1013,459,93,85,68
1014,438,75,121,71
1015,459,33,56,157
1016,594,27,9,75
1017,436,168,35,66
1018,537,35,66,67
1019,319,46,74,266
1020,472,19,33,181
1021,356,32,42,275
1022,589,5,5,106
1023,569,6,27,103
1024,376,212,15,102
1025,433,61,110,101
1026,489,36,49,131
1027,492,109,27,77
1028,504,79,69,53
1029,575,9,61,60
1030,594,15,27,69
1031,376,96,35,198
1032,340,279,21,65
1033,603,6,39,57
1034,500,143,9,53
1035,535,63,53,54
1036,469,104,55,77
1037,619,2,25,59
1038,614,3,19,69
1039,511,104,20,70
1040,613,3,20,69
1041,555,13,81,56
1042,577,33,26,69
1043,537,3,24,141
1044,518,6,19,162
1045,497,17,33,158
1046,444,26,37,198
1047,388,72,76,169
1048,401,3,133,168
1049,310,155,100,140
1050,486,132,10,77
1051,624,1,3,77
1052,592,25,3,85
1053,545,26,32,102
1054,507,99,10,89
1055,479,97,43,86
1056,400,43,86,176
1057,319,171,138,77
1058,486,87,57,75
1059,602,8,18,77
1060,500,23,110,72
1061,475,35,76,119
1062,534,10,66,95
1063,343,216,78,68
1064,537,43,38,87
1065,504,118,11,72
1066,440,170,19,76
1067,522,15,43,125
1068,451,133,48,73
1069,557,25,40,83
1070,418,103,24,160
1071,496,28,13,168
1072,516,5,14,170
1073,553,10,20,122
1074,569,13,0,123
1075,559,7,7,132
1076,524,33,24,124
1077,426,109,52,118
1078,427,79,76,123
1079,610,6,2,87
1080,517,38,18,132
1081,487,81,75,62
1082,463,117,64,61
1083,413,167,57,68
1084,595,7,30,73
1085,529,29,14,133
1086,557,50,36,62
1087,521,75,43,66
1088,552,44,43,66
1089,500,131,11,63
1090,472,122,41,70
1091,210,321,105,69
1092,494,76,76,59
1093,323,257,59,66
1094,593,7,43,62
1095,493,81,66,65
1096,444,96,86,79
1097,555,49,26,75
1098,367,150,38,150
1099,508,14,31,152
1100,550,7,4,144
1101,529,2,11,163
1102,416,62,36,191
1103,564,14,47,80
1104,534,57,23,91
1105,583,10,33,79
1106,356,199,65,85
1107,619,2,6,78
1108,434,99,89,83
1109,537,42,38,88
1110,485,31,113,76
1111,617,2,3,83
1112,617,3,6,79
1113,501,18,41,145
1114,520,76,31,78
1115,543,40,40,82
1116,585,30,11,79
1117,561,43,20,81
1118,500,79,53,73
1119,499,73,55,78
1120,460,129,49,67
1121,564,54,5,82
1122,563,44,14,84
1123,568,53,6,78
1124,587,24,16,78
1125,553,17,60,75
1126,549,41,34,81
1127,578,30,7,90
1128,542,74,2,87
1129,568,54,4,79
1130,569,55,2,79
1131,544,81,9,71
1132,552,79,4,70
1133,517,57,64,67
1134,560,75,2,68
1135,626,8,4,67
1136,558,57,21,69
1137,505,111,9,80
1138,606,11,6,82
1139,577,21,37,70
1140,578,42,17,68
1141,577,39,14,75
1142,594,17,21,73
1143,610,13,14,68
1144,509,122,2,72
1145,587,42,6,70
1146,549,57,15,84
1147,555,38,36,76
1148,552,76,2,75
1149,603,14,9,79
1150,548,73,5,79
1151,548,47,35,75
1152,597,16,11,81
1153,556,73,1,75
1154,544,78,4,79
1155,576,31,22,76
1156,547,57,17,84
1157,556,66,7,76
1158,578,56,4,67
1159,554,57,24,70
1160,553,78,6,68
1161,570,36,20,79
1162,585,21,26,73
1163,511,86,29,79
1164,585,39,6,75
1165,553,55,24,73
1166,552,73,1,79
1167,565,53,7,80
1168,563,33,27,82
1169,556,40,34,75
1170,511,74,43,77
1171,556,72,4,73
1172,492,111,22,80
1173,498,82,44,81
1174,610,11,5,79
1175,477,53,98,77
1176,508,76,37,84
1177,544,18,17,126
1178,452,87,76,90
1179,472,62,73,98
1180,464,81,45,115
1181,527,87,7,84
1182,623,8,5,69
1183,579,16,33,77
1184,557,53,21,74
1185,553,82,5,65
1186,562,70,4,69
1187,621,7,3,74
1188,609,16,9,71
1189,563,73,1,68
1190,394,169,17,125
1191,306,27,231,141
1192,401,139,41,124
1193,454,5,39,207
1194,536,4,18,147
1195,533,9,27,136
1196,600,17,16,72
1197,614,15,5,71
1198,469,71,75,90
1199,468,17,125,95
1200,603,18,8,76
1201,613,15,1,76
1202,555,28,51,71
1203,446,67,112,80
1204,366,225,38,76
1205,442,144,33,86
1206,525,2,33,145
1207,483,38,100,84
1208,560,36,27,82
1209,589,22,16,78
1210,592,12,23,78
1211,548,43,25,89
1212,546,42,26,91
1213,538,23,68,76
1214,502,49,54,100
1215,587,9,20,89
1216,536,38,23,108
1217,428,147,55,75
1218,552,36,24,93
1219,438,152,34,81
1220,553,38,25,89
1221,526,37,52,90
1222,465,5,36,199
1223,433,157,34,81
1224,447,142,31,85
1225,404,78,130,93
1226,607,11,4,83
1227,499,28,93,85
1228,322,68,43,272
1229,411,97,37,160
1230,312,201,44,148
1231,477,3,43,182
1232,395,109,31,170
1233,483,9,42,171
1234,425,3,15,262
1235,425,38,42,200
1236,316,169,67,153
1237,555,48,25,77
1238,498,124,16,67
1239,563,51,18,73
1240,396,102,131,76
1241,347,241,46,71
1242,514,52,74,65
1243,577,36,18,74
1244,590,46,2,67
1245,583,7,48,67
1246,471,147,17,70
1247,454,152,16,83
1248,587,10,38,70
1249,48,585,6,66
1250,508,12,76,109
1251,498,33,105,69
1252,472,136,16,81
1253,577,4,58,66
1254,626,5,5,69
1255,648,3,1,53
1256,468,151,17,69
1257,526,57,42,80
1258,536,54,32,83
1259,530,68,33,74
1260,473,110,69,53
1261,338,195,102,70
1262,645,4,3,53
1263,623,26,4,52
1264,385,193,63,64
1265,336,300,13,56
1266,507,54,51,93
1267,365,270,20,50
1268,505,56,21,123
1269,359,226,50,70
1270,481,9,3,212
1271,441,70,71,123
1272,443,74,98,90
1273,595,25,25,60
1274,391,41,30,243
1275,495,25,43,142
1276,483,52,89,81
1277,470,120,40,75
1278,592,12,21,80
1279,608,8,15,74
1280,616,9,7,73
1281,476,121,51,57
1282,530,66,32,77
1283,453,21,40,191
1284,529,82,35,59
1285,521,36,13,135
1286,513,11,8,173
1287,316,137,47,205
1288,495,12,124,74
1289,530,67,30,78
1290,613,6,9,77
1291,535,57,60,53
1292,434,18,152,101
1293,616,7,23,59
1294,363,226,46,70
1295,234,175,122,174
1296,427,175,13,90
1297,518,97,8,82
1298,515,34,28,128
1299,515,74,44,72
1300,505,93,52,55
1301,366,186,18,135
1302,539,6,24,136
1303,538,42,43,82
1304,505,9,76,115
1305,561,5,2,137
1306,548,4,14,139
1307,614,2,4,85
1308,585,6,26,88
1309,578,24,19,84
1310,551,26,29,99
1311,393,136,92,84
1312,448,102,75,80
1313,519,99,8,79
1314,593,11,22,79
1315,420,62,84,139
1316,412,175,28,90
1317,418,184,13,90
1318,418,79,72,136
1319,370,163,31,141
1320,502,13,28,162
1321,379,30,31,265
1322,519,15,18,153
1323,448,45,43,169
1324,491,9,36,169
1325,573,36,16,80
1326,548,37,9,111
1327,568,18,21,98
1328,305,129,69,199
1329,612,3,8,82
1330,447,14,7,234
1331,577,25,24,79
1332,573,11,30,91
1333,544,24,41,96
1334,512,45,63,85
1335,385,85,151,84
1336,529,51,53,72
1337,424,101,102,78
1338,438,146,40,81
1339,149,461,22,73
1340,261,359,11,74
1341,500,21,24,157
1342,437,14,66,185
1343,522,27,53,100
1344,533,51,11,107
1345,595,2,3,102
1346,494,43,55,110
1347,552,33,9,108
1348,488,47,53,114
1349,481,31,71,119
1350,449,102,41,110
1351,489,45,55,113
1352,513,43,38,108
1353,399,138,61,104
1354,329,230,41,102
1355,603,23,10,66
1356,512,9,42,139
1357,499,56,52,95
1358,457,104,74,67
1359,500,43,18,141
1360,488,12,62,140
1361,615,10,15,62
1362,570,17,52,63
1363,616,5,6,75
1364,439,55,45,163
1365,349,142,65,146
1366,600,1,5,96
1367,487,19,89,107
1368,430,172,29,71
1369,555,5,4,138
1370,551,5,6,140
1371,557,0,27,118
1372,433,100,99,70
1373,448,65,114,75
1374,531,17,66,88
1375,386,87,141,88
1376,590,15,15,82
1377,432,33,98,139
1378,598,28,4,72
1379,376,139,116,71
1380,445,152,30,75
1381,401,39,109,153
1382,462,134,30,76
1383,291,274,44,93
1384,426,125,74,77
1385,524,85,21,72
1386,584,11,20,87
1387,372,107,33,190
1388,523,104,6,69
1389,626,0,3,73
1390,207,299,121,75
1391,516,4,27,155
1392,495,7,50,150
1393,425,108,23,146
1394,549,43,24,88
1395,389,186,53,75
1396,495,27,115,66
1397,282,300,30,92
1398,465,36,50,152
1399,548,33,18,105
1400,604,0,5,95
1401,601,1,6,96
1402,577,7,28,92
1403,559,32,44,68
1404,449,81,91,83
1405,365,178,71,90
1406,562,35,6,101
1407,397,121,26,161
1408,495,65,58,86
1409,409,173,31,91
1410,545,12,61,86
1411,376,111,107,109
1412,485,77,70,71
1413,482,94,32,96
1414,516,95,20,72
1415,536,36,40,92
1416,477,101,41,85
1417,522,13,65,104
1418,357,179,97,70
1419,486,23,127,67
1420,578,39,15,71
1421,529,47,40,87
1422,366,145,23,169
1423,418,44,59,182
1424,120,501,10,72
1425,317,148,77,161
1426,382,153,11,157
1427,500,42,4,157
1428,380,156,16,151
1429,366,154,15,168
1430,468,99,58,78
1431,493,29,17,164
1432,489,7,42,165
1433,432,9,39,223
1434,477,14,45,167
1435,371,92,92,150
1436,453,85,95,72
1437,457,92,32,124
1438,538,8,13,146
1439,372,115,132,86
1440,414,118,93,80
1441,559,20,36,90
1442,532,61,33,79
1443,565,26,31,83
1444,437,158,41,69
1445,426,43,86,150
1446,486,62,61,96
1447,543,42,44,76
1448,461,34,140,70
1449,481,42,93,89
1450,366,41,220,78
1451,621,6,2,76
1452,585,10,36,74
1453,543,12,64,86
1454,582,5,18,100
1455,491,106,35,73
1456,542,5,3,155
1457,531,2,20,152
1458,383,99,71,152
1459,409,165,35,96
1460,593,21,14,77
1461,484,45,98,78
1462,415,10,129,151
1463,446,48,66,145
1464,521,19,57,108
1465,518,46,34,107
1466,549,26,37,93
1467,489,87,40,89
1468,476,130,14,85
1469,391,157,83,74
1470,402,95,57,151
1471,585,21,26,73
1472,425,75,59,146
1473,492,73,55,85
1474,533,64,25,83
1475,397,134,72,102
1476,324,132,155,94
1477,391,130,20,164
1478,550,14,64,77
1479,496,70,64,75
1480,386,186,52,81
1481,481,25,26,173
1482,345,104,29,227
1483,451,94,10,150
1484,524,18,97,66
1485,599,7,35,64
1486,628,3,6,68
1487,568,44,14,79
1488,576,40,19,70
1489,636,2,3,64
1490,372,220,43,70
1491,589,10,40,66
1492,630,1,6,68
1493,307,263,41,94
1494,488,39,108,70
1495,392,119,32,162
1496,496,111,22,76
1497,523,34,59,89
1498,330,254,26,95
1499,459,14,33,199
1500,446,21,32,206
1501,461,53,43,148
1502,433,56,18,198
1503,499,100,23,83
1504,470,50,105,80
1505,600,13,12,80
1506,485,35,104,81
1507,418,157,42,88
1508,544,6,78,77
1509,517,59,51,78
1510,575,29,17,84
1511,587,8,33,77
1512,329,275,24,77
1513,546,47,31,81
1514,455,64,26,160
1515,541,36,23,105
1516,520,19,64,102
1517,536,40,39,90
1518,374,113,45,173
1519,212,347,29,117
1520,440,32,31,202
1521,397,47,89,172
1522,305,157,71,172
1523,493,14,33,165
1524,526,23,70,86
1525,585,9,7,104
1526,523,26,69,87
1527,518,29,70,88
1528,377,90,68,170
1529,516,26,74,89
1530,350,91,96,168
1531,358,147,45,155
1532,364,139,25,177
1533,376,114,56,159
1534,499,67,31,108
1535,428,35,43,199
1536,338,86,122,159
1537,366,86,56,197
1538,339,240,37,89
1539,454,83,78,90
1540,422,101,101,81
1541,506,9,32,158
1542,451,46,49,159
1543,285,172,46,202
1544,319,113,121,152
1545,335,190,31,149
1546,420,123,41,121
1547,437,45,72,151
1548,482,120,20,83
1549,370,199,46,90
1550,596,7,5,97
1551,486,19,97,103
1552,523,46,49,87
1553,543,6,58,98
1554,330,207,74,94
1555,543,45,27,90
1556,568,22,12,103
1557,455,7,68,175
1558,580,2,32,91
1559,605,7,13,80
1560,447,14,66,178
1561,618,3,1,83
1562,433,36,51,185
1563,598,19,7,81
1564,380,102,100,123
1565,506,82,25,92
1566,256,262,58,129
1567,570,20,14,101
1568,603,5,15,82
1569,465,122,27,91
1570,297,190,37,181
1571,517,12,78,98
1572,464,92,65,84
1573,484,121,20,80
1574,467,65,74,99
1575,565,14,37,89
1576,517,59,26,103
1577,514,20,91,80
1578,538,2,7,158
1579,550,1,2,152
1580,393,173,49,90
1581,609,3,8,85
1582,613,4,6,82
1583,534,45,47,79
1584,441,101,8,155
1585,490,69,64,82
1586,453,34,60,158
1587,459,65,57,124
1588,131,431,35,108
1589,347,117,99,142
1590,504,4,32,165
1591,535,1,1,168
1592,476,42,31,156
1593,497,22,27,159
1594,513,9,24,159
1595,372,44,120,169
1596,414,182,29,80
1597,530,63,28,84
1598,425,64,100,116
1599,441,139,41,84
1600,603,9,10,83
1601,583,27,12,83
1602,492,82,48,83
1603,593,3,28,81
1604,562,44,15,84
1605,613,3,7,82
1606,479,116,25,85
1607,353,214,55,83
1608,447,90,54,114
1609,488,67,34,116
1610,341,268,14,82
1611,366,229,26,84
1612,609,3,1,92
1613,438,99,63,105
1614,575,12,38,80
1615,448,31,131,95
1616,404,202,16,83
1617,451,47,104,103
1618,329,253,40,83
1619,443,110,51,101
1620,349,243,12,101
1621,505,40,78,82
1622,495,57,45,108
1623,301,272,46,86
1624,329,213,79,84
1625,398,162,60,85
1626,504,30,73,98
1627,503,34,73,95
1628,545,34,36,90
1629,429,148,47,81
1630,557,39,11,98
1631,510,52,23,120
1632,521,53,17,114
1633,565,18,16,106
1634,525,52,23,105
1635,559,22,22,102
1636,475,121,4,105
1637,523,38,36,108
1638,528,51,18,108
1639,577,16,13,99
1640,556,19,28,102
1641,585,9,15,96
1642,529,67,4,105
1643,531,48,24,102
1644,554,50,6,95
1645,473,126,2,104
1646,543,59,2,101
1647,531,69,3,102
1648,527,40,33,105
1649,529,69,3,104
1650,528,45,29,103
1651,536,32,37,100
1652,527,63,9,106
1653,543,17,44,101
1654,566,23,7,109
1655,526,20,48,111
1656,583,10,8,104
1657,525,69,9,102
1658,537,20,40,108
1659,494,90,21,100
1660,533,45,26,101
1661,530,62,10,103
1662,543,48,19,95
1663,520,69,4,112
1664,535,47,7,116
1665,419,153,29,104
1666,477,50,65,113
1667,528,71,4,102
1668,530,67,6,102
1669,242,62,294,107
1670,526,35,36,108
1671,534,46,22,103
1672,535,48,11,111
1673,518,17,55,115
1674,470,123,3,109
1675,523,47,23,112
1676,535,49,10,111
1677,552,26,12,115
1678,555,24,18,108
1679,532,39,34,100
1680,387,104,107,107
1681,590,20,10,85
1682,473,80,27,125
1683,509,32,71,93
1684,540,67,1,97
1685,521,11,78,95
1686,340,249,34,82
1687,585,10,20,90
1688,433,140,15,117
1689,493,5,107,100
1690,336,242,33,94
1691,417,172,22,94
1692,322,266,31,86
1693,499,69,47,90
1694,301,269,51,84
1695,481,79,26,119
1696,452,154,14,85
1697,469,112,37,87
1698,569,6,28,102
1699,334,288,2,81
1700,432,146,21,106
1701,527,62,0,116
1702,487,87,18,113
1703,578,19,1,107
1704,547,43,20,95
1705,562,15,27,101
1706,580,8,17,100
1707,336,163,39,167
1708,550,55,6,94
1709,438,167,5,95
1710,532,69,3,101
1711,527,73,11,94
1712,179,403,28,95
1713,613,7,11,74
1714,570,36,24,75
1715,554,56,24,71
1716,311,267,53,74
1717,571,18,17,99
1718,517,56,30,102
1719,367,161,69,108
1720,604,2,6,93
1721,412,52,161,80
1722,537,40,28,100
1723,533,11,65,96
1724,374,235,19,77
1725,381,225,17,82
1726,408,63,153,81
1727,465,53,16,171
1728,565,37,29,74
1729,438,35,60,172
1730,594,7,15,89
1731,549,56,9,91
1732,475,37,99,94
1733,484,8,118,95
1734,590,24,12,79
1735,409,60,157,79
1736,547,33,49,76
1737,602,24,3,76
1738,459,96,54,96
1739,416,61,136,92
1740,584,3,14,104
1741,368,166,64,107
1742,359,166,61,119
1743,538,32,31,104
1744,563,7,17,118
1745,445,142,39,79
1746,492,33,10,170
1747,555,6,45,99
1748,607,8,17,73
1749,352,213,67,73
1750,511,22,75,97
1751,336,238,41,90
1752,455,99,54,97
1753,361,121,45,178
1754,456,53,90,106
1755,335,224,70,76
1756,476,129,24,76
1757,431,104,82,88
1758,385,180,56,84
1759,522,27,72,84
1760,406,97,94,108
1761,428,131,44,102
1762,560,43,27,75
1763,556,36,38,75
1764,521,89,17,78
1765,245,331,31,98
1766,490,64,56,95
1767,539,26,29,111
1768,435,92,77,101
1769,473,89,53,90
1770,434,45,55,171
1771,388,188,47,82
1772,301,216,23,165
1773,511,1,21,172
1774,338,148,46,173
1775,493,11,18,183
1776,474,4,51,176
1777,357,20,58,270
1778,425,25,30,225
1779,535,1,1,168
1780,429,27,48,201
